﻿<?xml version="1.0" encoding="utf-8"?>
<TextureAtlas imagePath="buttons.png">
	<!-- Created with Adobe Animate version 19.2.1.408 -->
	<!-- http://www.adobe.com/products/animate.html -->
	<SubTexture name="FxBtn0000" x="1" y="1" width="121" height="119" pivotX="60.1" pivotY="59.15"/>
	<SubTexture name="FxBtn0001" x="123" y="1" width="121" height="119"/>
	<SubTexture name="button0000" x="245" y="1" width="378" height="92" pivotX="188.55" pivotY="45.4"/>
	<SubTexture name="button0001" x="624" y="1" width="378" height="82" frameX="0" frameY="-10" frameWidth="378" frameHeight="92"/>
	<SubTexture name="buttonMenu instance 10000" x="1003" y="1" width="614" height="124" pivotX="287.75" pivotY="91.65"/>
	<SubTexture name="buttonMenu instance 10001" x="1" y="126" width="614" height="124"/>
	<SubTexture name="buttonMenu instance 10002" x="616" y="126" width="614" height="124"/>
	<SubTexture name="buttonMenu instance 10003" x="1231" y="126" width="614" height="124"/>
	<SubTexture name="buttonMenu instance 10004" x="1" y="251" width="614" height="124"/>
	<SubTexture name="buttonMenu instance 10005" x="616" y="251" width="614" height="124"/>
	<SubTexture name="buttonMenu instance 10006" x="1231" y="251" width="614" height="124"/>
	<SubTexture name="buttonMenu instance 10007" x="1" y="376" width="614" height="124"/>
	<SubTexture name="buttonMenu instance 10008" x="616" y="376" width="614" height="124"/>
	<SubTexture name="buttonMenu instance 10009" x="1231" y="376" width="614" height="124"/>
	<SubTexture name="buttonMenu instance 10010" x="1" y="501" width="614" height="124"/>
	<SubTexture name="buttonMenu instance 10011" x="616" y="501" width="614" height="124"/>
	<SubTexture name="buttonMenu instance 10012" x="1231" y="501" width="614" height="124"/>
	<SubTexture name="buttonMenu instance 10013" x="1" y="626" width="614" height="124"/>
	<SubTexture name="buttonMenu instance 10014" x="616" y="626" width="614" height="124"/>
	<SubTexture name="buttonMenu instance 10015" x="1231" y="626" width="614" height="124"/>
	<SubTexture name="buttonMenu instance 10016" x="1" y="751" width="614" height="124"/>
	<SubTexture name="buttonMenu instance 10017" x="616" y="751" width="614" height="124"/>
	<SubTexture name="buttonMenu instance 10018" x="1231" y="751" width="614" height="124"/>
	<SubTexture name="buttonMenu instance 10019" x="1" y="876" width="614" height="124"/>
	<SubTexture name="buttonMenu instance 10020" x="616" y="876" width="614" height="124"/>
	<SubTexture name="buttonMenu instance 10021" x="1231" y="876" width="614" height="124"/>
	<SubTexture name="buttonMenu instance 10022" x="1" y="1001" width="614" height="124"/>
	<SubTexture name="buttonMenu instance 10023" x="616" y="1001" width="614" height="124"/>
	<SubTexture name="buttonMenu instance 10024" x="1231" y="1001" width="614" height="124"/>
	<SubTexture name="buttonMenu instance 10025" x="1" y="1126" width="614" height="124"/>
	<SubTexture name="buttonMenu instance 10026" x="616" y="1126" width="614" height="124"/>
	<SubTexture name="buttonMenu instance 10027" x="1231" y="1126" width="614" height="124"/>
	<SubTexture name="buttonMenu instance 10028" x="1" y="1251" width="614" height="124"/>
	<SubTexture name="buttonMenu instance 10029" x="616" y="1251" width="614" height="124"/>
	<SubTexture name="expLabel0000" x="1231" y="1251" width="113" height="119" pivotX="55.75" pivotY="90.15"/>
	<SubTexture name="expLabel0001" x="1345" y="1251" width="113" height="103" frameX="0" frameY="0" frameWidth="113" frameHeight="119"/>
	<SubTexture name="expLabel0002" x="1459" y="1251" width="113" height="88" frameX="0" frameY="0" frameWidth="113" frameHeight="119"/>
	<SubTexture name="expLabel0003" x="1573" y="1251" width="113" height="72" frameX="0" frameY="0" frameWidth="113" frameHeight="119"/>
	<SubTexture name="expLabel0004" x="1687" y="1251" width="113" height="56" frameX="0" frameY="0" frameWidth="113" frameHeight="119"/>
	<SubTexture name="levelBar0000" x="1" y="1376" width="496" height="48" pivotX="247.5" pivotY="23.25"/>
	<SubTexture name="levelBar0001" x="498" y="1376" width="496" height="48"/>
	<SubTexture name="levelBar0002" x="995" y="1376" width="496" height="48"/>
	<SubTexture name="levelBar0003" x="1492" y="1376" width="496" height="48"/>
	<SubTexture name="levelBar0004" x="1" y="1425" width="496" height="48"/>
	<SubTexture name="levelBar0005" x="498" y="1425" width="496" height="48"/>
	<SubTexture name="levelBar0006" x="995" y="1425" width="496" height="48"/>
	<SubTexture name="levelBar0007" x="1492" y="1425" width="496" height="48"/>
	<SubTexture name="levelBar0008" x="1" y="1474" width="496" height="48"/>
	<SubTexture name="levelBar0009" x="498" y="1474" width="496" height="48"/>
	<SubTexture name="levelBar0010" x="995" y="1474" width="496" height="48"/>
	<SubTexture name="levelBar0011" x="1492" y="1474" width="496" height="48"/>
	<SubTexture name="levelBar0012" x="1" y="1523" width="496" height="48"/>
	<SubTexture name="levelBar0013" x="498" y="1523" width="496" height="48"/>
	<SubTexture name="levelBar0014" x="995" y="1523" width="496" height="48"/>
	<SubTexture name="menuOver instance 10000" x="1" y="1572" width="614" height="124" pivotX="287.75" pivotY="91.65"/>
	<SubTexture name="menuOver instance 10001" x="616" y="1572" width="614" height="124"/>
	<SubTexture name="menuOver instance 10002" x="1231" y="1572" width="614" height="124"/>
	<SubTexture name="menuOver instance 10003" x="1" y="1697" width="614" height="124"/>
	<SubTexture name="musicBtn0000" x="616" y="1697" width="121" height="119" pivotX="60.1" pivotY="59.15"/>
	<SubTexture name="musicBtn0001" x="738" y="1697" width="121" height="119"/>
	<SubTexture name="updtaBtn0000" x="860" y="1697" width="318" height="74" pivotX="158.5" pivotY="36.5"/>
	<SubTexture name="updtaBtn0001" x="1179" y="1697" width="318" height="71" frameX="0" frameY="-3" frameWidth="318" frameHeight="74"/>
	<SubTexture name="updtaBtn0002" x="1498" y="1697" width="318" height="68" frameX="0" frameY="-6" frameWidth="318" frameHeight="74"/>
	<SubTexture name="updtaBtn0003" x="1" y="1822" width="318" height="65" frameX="0" frameY="-9" frameWidth="318" frameHeight="74"/>
	<SubTexture name="updtaBtn0004" x="320" y="1822" width="318" height="62" frameX="0" frameY="-12" frameWidth="318" frameHeight="74"/>
	<SubTexture name="updtaBtn0005" x="639" y="1822" width="318" height="64" frameX="0" frameY="-10" frameWidth="318" frameHeight="74"/>
	<SubTexture name="updtaBtn0006" x="958" y="1822" width="318" height="67" frameX="0" frameY="-7" frameWidth="318" frameHeight="74"/>
	<SubTexture name="updtaBtn0007" x="1277" y="1822" width="318" height="69" frameX="0" frameY="-5" frameWidth="318" frameHeight="74"/>
	<SubTexture name="updtaBtn0008" x="1596" y="1822" width="318" height="72" frameX="0" frameY="-2" frameWidth="318" frameHeight="74"/>
	<SubTexture name="updtaBtn0009" x="1" y="1895" width="318" height="74"/>
	<SubTexture name="updtaBtn20000" x="320" y="1895" width="318" height="74" pivotX="158.5" pivotY="36.5"/>
	<SubTexture name="updtaBtn30000" x="639" y="1895" width="317" height="74" pivotX="158.5" pivotY="36.5"/>
	<SubTexture name="updtaBtn30001" x="957" y="1895" width="317" height="74"/>
	<SubTexture name="updtaBtn30002" x="1275" y="1895" width="317" height="74"/>
	<SubTexture name="updtaBtn30003" x="1593" y="1895" width="317" height="74"/>
	<SubTexture name="updtaBtn30004" x="1" y="1970" width="317" height="74"/>
	<SubTexture name="updtaBtn30005" x="319" y="1970" width="317" height="74"/>
	<SubTexture name="updtaBtn30006" x="637" y="1970" width="317" height="74"/>
	<SubTexture name="updtaBtn30007" x="955" y="1970" width="317" height="74"/>
	<SubTexture name="updtaBtn30008" x="1273" y="1970" width="317" height="74"/>
	<SubTexture name="updtaBtn30009" x="1591" y="1970" width="317" height="74"/>
	<SubTexture name="upgradeSign0000" x="1" y="2045" width="326" height="84" pivotX="36.65" pivotY="41.65"/>
	<SubTexture name="upgradeSign0001" x="328" y="2045" width="326" height="84"/>
	<SubTexture name="upgradeSign0002" x="655" y="2045" width="326" height="84"/>
	<SubTexture name="upgradeSign0003" x="982" y="2045" width="326" height="84"/>
	<SubTexture name="upgradeSign0004" x="1309" y="2045" width="326" height="84"/>
</TextureAtlas>
