﻿<?xml version="1.0" encoding="utf-8"?>
<TextureAtlas imagePath="player.png">
	<!-- Created with Adobe Animate version 19.2.1.408 -->
	<!-- http://www.adobe.com/products/animate.html -->
	<SubTexture name="jumnp0000" x="1" y="1" width="162" height="191" pivotX="80.8" pivotY="95.8" frameX="0" frameY="-1" frameWidth="162" frameHeight="192"/>
	<SubTexture name="jumnp0001" x="164" y="1" width="162" height="191" frameX="0" frameY="-1" frameWidth="162" frameHeight="192"/>
	<SubTexture name="jumnp0002" x="327" y="1" width="159" height="192" frameX="0" frameY="0" frameWidth="162" frameHeight="192"/>
	<SubTexture name="jumnp0003" x="487" y="1" width="159" height="192" frameX="0" frameY="0" frameWidth="162" frameHeight="192"/>
	<SubTexture name="jump20000" x="647" y="1" width="165" height="181" pivotX="82.05" pivotY="90.5" frameX="0" frameY="-1" frameWidth="174" frameHeight="182"/>
	<SubTexture name="jump20001" x="813" y="1" width="165" height="181" frameX="0" frameY="-1" frameWidth="174" frameHeight="182"/>
	<SubTexture name="jump20002" x="1" y="194" width="160" height="175" frameX="0" frameY="0" frameWidth="174" frameHeight="182"/>
	<SubTexture name="jump20003" x="162" y="194" width="160" height="175" frameX="0" frameY="0" frameWidth="174" frameHeight="182"/>
	<SubTexture name="jump20004" x="323" y="194" width="169" height="176" frameX="0" frameY="-2" frameWidth="174" frameHeight="182"/>
	<SubTexture name="jump20005" x="493" y="194" width="169" height="176" frameX="0" frameY="-2" frameWidth="174" frameHeight="182"/>
	<SubTexture name="jump20006" x="663" y="194" width="165" height="177" frameX="0" frameY="-1" frameWidth="174" frameHeight="182"/>
	<SubTexture name="jump20007" x="829" y="194" width="165" height="177" frameX="0" frameY="-1" frameWidth="174" frameHeight="182"/>
	<SubTexture name="jump20008" x="1" y="372" width="172" height="175" frameX="0" frameY="-3" frameWidth="174" frameHeight="182"/>
	<SubTexture name="jump20009" x="174" y="372" width="172" height="175" frameX="0" frameY="-3" frameWidth="174" frameHeight="182"/>
	<SubTexture name="jump20010" x="347" y="372" width="169" height="176" frameX="0" frameY="-2" frameWidth="174" frameHeight="182"/>
	<SubTexture name="jump20011" x="517" y="372" width="169" height="176" frameX="0" frameY="-2" frameWidth="174" frameHeight="182"/>
	<SubTexture name="jump20012" x="687" y="372" width="174" height="174" frameX="0" frameY="-4" frameWidth="174" frameHeight="182"/>
	<SubTexture name="jump20013" x="1" y="549" width="174" height="174" frameX="0" frameY="-4" frameWidth="174" frameHeight="182"/>
	<SubTexture name="jump20014" x="176" y="549" width="169" height="176" frameX="0" frameY="-2" frameWidth="174" frameHeight="182"/>
	<SubTexture name="jump20015" x="346" y="549" width="169" height="176" frameX="0" frameY="-2" frameWidth="174" frameHeight="182"/>
	<SubTexture name="jump20016" x="516" y="549" width="174" height="174" frameX="0" frameY="-4" frameWidth="174" frameHeight="182"/>
	<SubTexture name="jump20017" x="691" y="549" width="174" height="174" frameX="0" frameY="-4" frameWidth="174" frameHeight="182"/>
	<SubTexture name="jump20018" x="1" y="726" width="164" height="177" frameX="0" frameY="-1" frameWidth="174" frameHeight="182"/>
	<SubTexture name="jump20019" x="166" y="726" width="164" height="177" frameX="0" frameY="-1" frameWidth="174" frameHeight="182"/>
	<SubTexture name="kick0000" x="331" y="726" width="165" height="174" pivotX="82.05" pivotY="86.2"/>
	<SubTexture name="kick20000" x="497" y="726" width="179" height="177" pivotX="82.9" pivotY="87.55"/>
	<SubTexture name="player0000" x="677" y="726" width="163" height="189" pivotX="81.45" pivotY="93.85" frameX="0" frameY="0" frameWidth="165" frameHeight="189"/>
	<SubTexture name="player0001" x="841" y="726" width="163" height="189" frameX="0" frameY="0" frameWidth="165" frameHeight="189"/>
	<SubTexture name="player0002" x="1" y="916" width="164" height="186" frameX="0" frameY="-3" frameWidth="165" frameHeight="189"/>
	<SubTexture name="player0003" x="166" y="916" width="164" height="186" frameX="0" frameY="-3" frameWidth="165" frameHeight="189"/>
	<SubTexture name="player0004" x="331" y="916" width="161" height="186" frameX="-3" frameY="-3" frameWidth="165" frameHeight="189"/>
	<SubTexture name="player0005" x="493" y="916" width="161" height="186" frameX="-3" frameY="-3" frameWidth="165" frameHeight="189"/>
	<SubTexture name="player0006" x="655" y="916" width="160" height="186" frameX="-4" frameY="-3" frameWidth="165" frameHeight="189"/>
	<SubTexture name="player0007" x="816" y="916" width="160" height="186" frameX="-4" frameY="-3" frameWidth="165" frameHeight="189"/>
	<SubTexture name="player0008" x="1" y="1103" width="161" height="187" frameX="-3" frameY="-2" frameWidth="165" frameHeight="189"/>
	<SubTexture name="player0009" x="163" y="1103" width="161" height="187" frameX="-3" frameY="-2" frameWidth="165" frameHeight="189"/>
	<SubTexture name="player0010" x="325" y="1103" width="163" height="180" frameX="-1" frameY="-3" frameWidth="165" frameHeight="189"/>
	<SubTexture name="player0011" x="489" y="1103" width="163" height="180" frameX="-1" frameY="-3" frameWidth="165" frameHeight="189"/>
	<SubTexture name="player0012" x="653" y="1103" width="161" height="184" frameX="-2" frameY="-5" frameWidth="165" frameHeight="189"/>
	<SubTexture name="player0013" x="815" y="1103" width="161" height="184" frameX="-2" frameY="-5" frameWidth="165" frameHeight="189"/>
	<SubTexture name="player0014" x="1" y="1291" width="163" height="184" frameX="-2" frameY="-5" frameWidth="165" frameHeight="189"/>
	<SubTexture name="player0015" x="165" y="1291" width="163" height="184" frameX="-2" frameY="-5" frameWidth="165" frameHeight="189"/>
	<SubTexture name="player0016" x="329" y="1291" width="160" height="185" frameX="-4" frameY="-4" frameWidth="165" frameHeight="189"/>
	<SubTexture name="player0017" x="490" y="1291" width="160" height="185" frameX="-4" frameY="-4" frameWidth="165" frameHeight="189"/>
	<SubTexture name="player0018" x="651" y="1291" width="160" height="186" frameX="-4" frameY="-3" frameWidth="165" frameHeight="189"/>
	<SubTexture name="player0019" x="812" y="1291" width="160" height="186" frameX="-4" frameY="-3" frameWidth="165" frameHeight="189"/>
	<SubTexture name="player0020" x="1" y="1478" width="163" height="185" frameX="-2" frameY="-1" frameWidth="165" frameHeight="189"/>
	<SubTexture name="player0021" x="165" y="1478" width="163" height="185" frameX="-2" frameY="-1" frameWidth="165" frameHeight="189"/>
</TextureAtlas>
