﻿<?xml version="1.0" encoding="utf-8"?>
<TextureAtlas imagePath="powerUps.png">
	<!-- Created with Adobe Animate version 19.2.1.408 -->
	<!-- http://www.adobe.com/products/animate.html -->
	<SubTexture name="Symbol 4 instance 10000" x="1" y="1" width="84" height="87" pivotX="41.45" pivotY="42.8"/>
	<SubTexture name="Symbol 4 instance 10001" x="86" y="1" width="84" height="87"/>
	<SubTexture name="Symbol 4 instance 10002" x="171" y="1" width="84" height="87"/>
	<SubTexture name="Symbol 4 instance 10003" x="256" y="1" width="84" height="87"/>
	<SubTexture name="Symbol 4 instance 10004" x="341" y="1" width="84" height="87"/>
	<SubTexture name="Symbol 4 instance 10005" x="426" y="1" width="84" height="87"/>
	<SubTexture name="Symbol 4 instance 10006" x="511" y="1" width="84" height="87"/>
	<SubTexture name="Symbol 4 instance 10007" x="596" y="1" width="84" height="87"/>
	<SubTexture name="Symbol 4 instance 10008" x="681" y="1" width="84" height="87"/>
	<SubTexture name="Symbol 4 instance 10009" x="766" y="1" width="84" height="87"/>
	<SubTexture name="Symbol 4 instance 10010" x="851" y="1" width="84" height="87"/>
	<SubTexture name="Symbol 4 instance 10011" x="936" y="1" width="84" height="87"/>
	<SubTexture name="Symbol 4 instance 10012" x="1021" y="1" width="84" height="87"/>
	<SubTexture name="Symbol 4 instance 10013" x="1106" y="1" width="84" height="87"/>
	<SubTexture name="Symbol 4 instance 10014" x="1191" y="1" width="84" height="87"/>
	<SubTexture name="Symbol 4 instance 10015" x="1276" y="1" width="84" height="87"/>
	<SubTexture name="Symbol 4 instance 10016" x="1361" y="1" width="84" height="87"/>
	<SubTexture name="Symbol 4 instance 10017" x="1446" y="1" width="84" height="87"/>
	<SubTexture name="Symbol 4 instance 10018" x="1531" y="1" width="84" height="87"/>
	<SubTexture name="Symbol 4 instance 10019" x="1616" y="1" width="84" height="87"/>
	<SubTexture name="Symbol 4 instance 10020" x="1701" y="1" width="84" height="87"/>
	<SubTexture name="Symbol 4 instance 10021" x="1786" y="1" width="84" height="87"/>
	<SubTexture name="Symbol 4 instance 10022" x="1871" y="1" width="84" height="87"/>
	<SubTexture name="Symbol 4 instance 10023" x="1956" y="1" width="84" height="87"/>
	<SubTexture name="Symbol 4 instance 10024" x="2041" y="1" width="84" height="87"/>
	<SubTexture name="Symbol 4 instance 10025" x="2126" y="1" width="84" height="87"/>
	<SubTexture name="Symbol 4 instance 10026" x="2211" y="1" width="84" height="87"/>
	<SubTexture name="Symbol 4 instance 10027" x="2296" y="1" width="84" height="87"/>
	<SubTexture name="Symbol 4 instance 10028" x="2381" y="1" width="84" height="87"/>
	<SubTexture name="Symbol 4 instance 10029" x="2466" y="1" width="84" height="87"/>
	<SubTexture name="Symbol 9 instance 10000" x="2551" y="1" width="121" height="65" pivotX="86.7" pivotY="32"/>
	<SubTexture name="Symbol 9 instance 10001" x="2673" y="1" width="108" height="65" frameX="-13" frameY="0" frameWidth="121" frameHeight="65"/>
	<SubTexture name="Symbol 9 instance 10002" x="2782" y="1" width="95" height="65" frameX="-26" frameY="0" frameWidth="121" frameHeight="65"/>
	<SubTexture name="Symbol 9 instance 10003" x="2878" y="1" width="82" height="65" frameX="-39" frameY="0" frameWidth="121" frameHeight="65"/>
	<SubTexture name="Symbol 9 instance 10004" x="2961" y="1" width="69" height="65" frameX="-52" frameY="0" frameWidth="121" frameHeight="65"/>
	<SubTexture name="core10000" x="3031" y="1" width="165" height="239" pivotX="84.55" pivotY="117.75"/>
	<SubTexture name="core10001" x="3197" y="1" width="165" height="237" frameX="0" frameY="-2" frameWidth="165" frameHeight="239"/>
	<SubTexture name="core10002" x="3363" y="1" width="165" height="234" frameX="0" frameY="-4" frameWidth="165" frameHeight="239"/>
	<SubTexture name="core10003" x="3529" y="1" width="165" height="232" frameX="0" frameY="-6" frameWidth="165" frameHeight="239"/>
	<SubTexture name="core10004" x="3695" y="1" width="165" height="230" frameX="0" frameY="-8" frameWidth="165" frameHeight="239"/>
	<SubTexture name="core10005" x="3861" y="1" width="165" height="228" frameX="0" frameY="-9" frameWidth="165" frameHeight="239"/>
	<SubTexture name="core10006" x="1" y="241" width="165" height="226" frameX="0" frameY="-11" frameWidth="165" frameHeight="239"/>
	<SubTexture name="core10007" x="167" y="241" width="165" height="223" frameX="0" frameY="-13" frameWidth="165" frameHeight="239"/>
	<SubTexture name="core10008" x="333" y="241" width="165" height="221" frameX="0" frameY="-15" frameWidth="165" frameHeight="239"/>
	<SubTexture name="core10009" x="499" y="241" width="165" height="218" frameX="0" frameY="-17" frameWidth="165" frameHeight="239"/>
	<SubTexture name="core10010" x="665" y="241" width="165" height="221" frameX="0" frameY="-15" frameWidth="165" frameHeight="239"/>
	<SubTexture name="core10011" x="831" y="241" width="165" height="222" frameX="0" frameY="-14" frameWidth="165" frameHeight="239"/>
	<SubTexture name="core10012" x="997" y="241" width="165" height="225" frameX="0" frameY="-12" frameWidth="165" frameHeight="239"/>
	<SubTexture name="core10013" x="1163" y="241" width="165" height="227" frameX="0" frameY="-10" frameWidth="165" frameHeight="239"/>
	<SubTexture name="core10014" x="1329" y="241" width="165" height="228" frameX="0" frameY="-9" frameWidth="165" frameHeight="239"/>
	<SubTexture name="core10015" x="1495" y="241" width="165" height="231" frameX="0" frameY="-7" frameWidth="165" frameHeight="239"/>
	<SubTexture name="core10016" x="1661" y="241" width="165" height="233" frameX="0" frameY="-5" frameWidth="165" frameHeight="239"/>
	<SubTexture name="core10017" x="1827" y="241" width="165" height="236" frameX="0" frameY="-3" frameWidth="165" frameHeight="239"/>
	<SubTexture name="core10018" x="1993" y="241" width="165" height="237" frameX="0" frameY="-2" frameWidth="165" frameHeight="239"/>
	<SubTexture name="core10019" x="2159" y="241" width="165" height="239"/>
	<SubTexture name="core20000" x="2325" y="241" width="165" height="239" pivotX="84.55" pivotY="117.75"/>
	<SubTexture name="core20001" x="2491" y="241" width="165" height="237" frameX="0" frameY="-2" frameWidth="165" frameHeight="239"/>
	<SubTexture name="core20002" x="2657" y="241" width="165" height="234" frameX="0" frameY="-4" frameWidth="165" frameHeight="239"/>
	<SubTexture name="core20003" x="2823" y="241" width="165" height="232" frameX="0" frameY="-6" frameWidth="165" frameHeight="239"/>
	<SubTexture name="core20004" x="2989" y="241" width="165" height="230" frameX="0" frameY="-8" frameWidth="165" frameHeight="239"/>
	<SubTexture name="core20005" x="3155" y="241" width="165" height="228" frameX="0" frameY="-9" frameWidth="165" frameHeight="239"/>
	<SubTexture name="core20006" x="3321" y="241" width="165" height="226" frameX="0" frameY="-11" frameWidth="165" frameHeight="239"/>
	<SubTexture name="core20007" x="3487" y="241" width="165" height="223" frameX="0" frameY="-13" frameWidth="165" frameHeight="239"/>
	<SubTexture name="core20008" x="3653" y="241" width="165" height="221" frameX="0" frameY="-15" frameWidth="165" frameHeight="239"/>
	<SubTexture name="core20009" x="3819" y="241" width="165" height="218" frameX="0" frameY="-17" frameWidth="165" frameHeight="239"/>
	<SubTexture name="core20010" x="1" y="481" width="165" height="221" frameX="0" frameY="-15" frameWidth="165" frameHeight="239"/>
	<SubTexture name="core20011" x="167" y="481" width="165" height="222" frameX="0" frameY="-14" frameWidth="165" frameHeight="239"/>
	<SubTexture name="core20012" x="333" y="481" width="165" height="225" frameX="0" frameY="-12" frameWidth="165" frameHeight="239"/>
	<SubTexture name="core20013" x="499" y="481" width="165" height="227" frameX="0" frameY="-10" frameWidth="165" frameHeight="239"/>
	<SubTexture name="core20014" x="665" y="481" width="165" height="228" frameX="0" frameY="-9" frameWidth="165" frameHeight="239"/>
	<SubTexture name="core20015" x="831" y="481" width="165" height="231" frameX="0" frameY="-7" frameWidth="165" frameHeight="239"/>
	<SubTexture name="core20016" x="997" y="481" width="165" height="233" frameX="0" frameY="-5" frameWidth="165" frameHeight="239"/>
	<SubTexture name="core20017" x="1163" y="481" width="165" height="236" frameX="0" frameY="-3" frameWidth="165" frameHeight="239"/>
	<SubTexture name="core20018" x="1329" y="481" width="165" height="237" frameX="0" frameY="-2" frameWidth="165" frameHeight="239"/>
	<SubTexture name="core20019" x="1495" y="481" width="165" height="239"/>
	<SubTexture name="core30000" x="1661" y="481" width="165" height="239" pivotX="84.55" pivotY="117.75"/>
	<SubTexture name="core30001" x="1827" y="481" width="165" height="237" frameX="0" frameY="-2" frameWidth="165" frameHeight="239"/>
	<SubTexture name="core30002" x="1993" y="481" width="165" height="234" frameX="0" frameY="-4" frameWidth="165" frameHeight="239"/>
	<SubTexture name="core30003" x="2159" y="481" width="165" height="232" frameX="0" frameY="-6" frameWidth="165" frameHeight="239"/>
	<SubTexture name="core30004" x="2325" y="481" width="165" height="230" frameX="0" frameY="-8" frameWidth="165" frameHeight="239"/>
	<SubTexture name="core30005" x="2491" y="481" width="165" height="228" frameX="0" frameY="-9" frameWidth="165" frameHeight="239"/>
	<SubTexture name="core30006" x="2657" y="481" width="165" height="226" frameX="0" frameY="-11" frameWidth="165" frameHeight="239"/>
	<SubTexture name="core30007" x="2823" y="481" width="165" height="223" frameX="0" frameY="-13" frameWidth="165" frameHeight="239"/>
	<SubTexture name="core30008" x="2989" y="481" width="165" height="221" frameX="0" frameY="-15" frameWidth="165" frameHeight="239"/>
	<SubTexture name="core30009" x="3155" y="481" width="165" height="218" frameX="0" frameY="-17" frameWidth="165" frameHeight="239"/>
	<SubTexture name="core30010" x="3321" y="481" width="165" height="221" frameX="0" frameY="-15" frameWidth="165" frameHeight="239"/>
	<SubTexture name="core30011" x="3487" y="481" width="165" height="222" frameX="0" frameY="-14" frameWidth="165" frameHeight="239"/>
	<SubTexture name="core30012" x="3653" y="481" width="165" height="225" frameX="0" frameY="-12" frameWidth="165" frameHeight="239"/>
	<SubTexture name="core30013" x="3819" y="481" width="165" height="227" frameX="0" frameY="-10" frameWidth="165" frameHeight="239"/>
	<SubTexture name="core30014" x="1" y="721" width="165" height="228" frameX="0" frameY="-9" frameWidth="165" frameHeight="239"/>
	<SubTexture name="core30015" x="167" y="721" width="165" height="231" frameX="0" frameY="-7" frameWidth="165" frameHeight="239"/>
	<SubTexture name="core30016" x="333" y="721" width="165" height="233" frameX="0" frameY="-5" frameWidth="165" frameHeight="239"/>
	<SubTexture name="core30017" x="499" y="721" width="165" height="236" frameX="0" frameY="-3" frameWidth="165" frameHeight="239"/>
	<SubTexture name="core30018" x="665" y="721" width="165" height="237" frameX="0" frameY="-2" frameWidth="165" frameHeight="239"/>
	<SubTexture name="core30019" x="831" y="721" width="165" height="239"/>
	<SubTexture name="jumpPower instance 10000" x="997" y="721" width="193" height="311" pivotX="95.85" pivotY="211.3"/>
	<SubTexture name="jumpPower instance 10001" x="1191" y="721" width="193" height="311"/>
	<SubTexture name="jumpPower instance 10002" x="1385" y="721" width="193" height="311"/>
	<SubTexture name="jumpPower instance 10003" x="1579" y="721" width="193" height="311"/>
	<SubTexture name="jumpPower instance 10004" x="1773" y="721" width="193" height="311"/>
	<SubTexture name="jumpPower instance 10005" x="1967" y="721" width="193" height="311"/>
	<SubTexture name="jumpPower instance 10006" x="2161" y="721" width="193" height="311"/>
	<SubTexture name="jumpPower instance 10007" x="2355" y="721" width="193" height="311"/>
	<SubTexture name="jumpPower instance 10008" x="2549" y="721" width="193" height="311"/>
	<SubTexture name="jumpPower instance 10009" x="2743" y="721" width="193" height="311"/>
	<SubTexture name="jumpPower instance 10010" x="2937" y="721" width="193" height="311"/>
	<SubTexture name="jumpPower instance 10011" x="3131" y="721" width="193" height="311"/>
	<SubTexture name="jumpPower instance 10012" x="3325" y="721" width="193" height="311"/>
	<SubTexture name="jumpPower instance 10013" x="3519" y="721" width="193" height="311"/>
	<SubTexture name="jumpPower instance 10014" x="3713" y="721" width="193" height="311"/>
	<SubTexture name="speedPower instance 10000" x="1" y="1033" width="507" height="597" pivotX="252.9" pivotY="343.45"/>
	<SubTexture name="speedPower instance 10001" x="509" y="1033" width="507" height="597"/>
	<SubTexture name="speedPower instance 10002" x="1017" y="1033" width="507" height="589" frameX="0" frameY="-8" frameWidth="507" frameHeight="597"/>
	<SubTexture name="speedPower instance 10003" x="1525" y="1033" width="507" height="597"/>
	<SubTexture name="speedPower instance 10004" x="2033" y="1033" width="507" height="597"/>
	<SubTexture name="speedPower instance 10005" x="2541" y="1033" width="507" height="589" frameX="0" frameY="-8" frameWidth="507" frameHeight="597"/>
	<SubTexture name="speedPower instance 10006" x="3049" y="1033" width="507" height="597"/>
	<SubTexture name="speedPower instance 10007" x="3557" y="1033" width="507" height="597"/>
	<SubTexture name="speedPower instance 10008" x="1" y="1631" width="507" height="589" frameX="0" frameY="-8" frameWidth="507" frameHeight="597"/>
	<SubTexture name="speedPower instance 10009" x="509" y="1631" width="507" height="597"/>
	<SubTexture name="speedPower instance 10010" x="1017" y="1631" width="507" height="597"/>
	<SubTexture name="speedPower instance 10011" x="1525" y="1631" width="507" height="589" frameX="0" frameY="-8" frameWidth="507" frameHeight="597"/>
	<SubTexture name="speedPower instance 10012" x="2033" y="1631" width="507" height="597"/>
	<SubTexture name="speedPower instance 10013" x="2541" y="1631" width="507" height="597"/>
	<SubTexture name="speedPower instance 10014" x="3049" y="1631" width="507" height="589" frameX="0" frameY="-8" frameWidth="507" frameHeight="597"/>
</TextureAtlas>
