﻿<?xml version="1.0" encoding="utf-8"?>
<TextureAtlas imagePath="wisherEnemy.png">
	<!-- Created with Adobe Animate version 19.2.1.408 -->
	<!-- http://www.adobe.com/products/animate.html -->
	<SubTexture name="BirdEnemy0000" x="1" y="1" width="139" height="142" pivotX="70" pivotY="85.25" frameX="0" frameY="0" frameWidth="143" frameHeight="142"/>
	<SubTexture name="BirdEnemy0001" x="141" y="1" width="139" height="142" frameX="0" frameY="0" frameWidth="143" frameHeight="142"/>
	<SubTexture name="BirdEnemy0002" x="281" y="1" width="139" height="142" frameX="0" frameY="0" frameWidth="143" frameHeight="142"/>
	<SubTexture name="BirdEnemy0003" x="1" y="144" width="139" height="142" frameX="0" frameY="0" frameWidth="143" frameHeight="142"/>
	<SubTexture name="BirdEnemy0004" x="141" y="144" width="143" height="139" frameX="0" frameY="-3" frameWidth="143" frameHeight="142"/>
	<SubTexture name="BirdEnemy0005" x="285" y="144" width="143" height="139" frameX="0" frameY="-3" frameWidth="143" frameHeight="142"/>
	<SubTexture name="BirdEnemy0006" x="1" y="287" width="143" height="139" frameX="0" frameY="-3" frameWidth="143" frameHeight="142"/>
	<SubTexture name="BirdEnemy0007" x="145" y="287" width="143" height="139" frameX="0" frameY="-3" frameWidth="143" frameHeight="142"/>
	<SubTexture name="BirdEnemy0008" x="289" y="287" width="143" height="139" frameX="0" frameY="-3" frameWidth="143" frameHeight="142"/>
	<SubTexture name="BirdEnemyKicked0000" x="1" y="427" width="139" height="142" pivotX="68.55" pivotY="86.35"/>
	<SubTexture name="kickPower0000" x="141" y="427" width="13" height="14" pivotX="57.85" pivotY="56.4" frameX="-52" frameY="-49" frameWidth="260" frameHeight="112"/>
	<SubTexture name="kickPower0001" x="155" y="427" width="36" height="35" frameX="-40" frameY="-38" frameWidth="260" frameHeight="112"/>
	<SubTexture name="kickPower0002" x="192" y="427" width="86" height="54" frameX="-36" frameY="-29" frameWidth="260" frameHeight="112"/>
	<SubTexture name="kickPower0003" x="279" y="427" width="138" height="73" frameX="-30" frameY="-19" frameWidth="260" frameHeight="112"/>
	<SubTexture name="kickPower0004" x="1" y="570" width="192" height="93" frameX="-22" frameY="-9" frameWidth="260" frameHeight="112"/>
	<SubTexture name="kickPower0005" x="194" y="570" width="245" height="111" frameX="-15" frameY="0" frameWidth="260" frameHeight="112"/>
	<SubTexture name="kickPower0006" x="1" y="682" width="98" height="98" frameX="-8" frameY="-7" frameWidth="260" frameHeight="112"/>
	<SubTexture name="kickPower0007" x="100" y="682" width="113" height="112" frameX="0" frameY="0" frameWidth="260" frameHeight="112"/>
</TextureAtlas>
